Location,date,total_cases,total_deaths,DeathPercentage
Afghanistan,2/24/2020,1,,0
Afghanistan,2/25/2020,1,,0
Afghanistan,2/26/2020,1,,0
Afghanistan,2/27/2020,1,,0
Afghanistan,2/28/2020,1,,0
Afghanistan,2/29/2020,1,,0
Afghanistan,3/1/2020,1,,0
Afghanistan,3/2/2020,1,,0
Afghanistan,3/3/2020,2,,0
Afghanistan,3/4/2020,4,,0
Afghanistan,3/5/2020,4,,0
Afghanistan,3/6/2020,4,,0
Afghanistan,3/7/2020,4,,0
Afghanistan,3/8/2020,5,,0
Afghanistan,3/9/2020,7,,0
Afghanistan,3/10/2020,8,,0
Afghanistan,3/11/2020,11,,0
Afghanistan,3/12/2020,12,,0
Afghanistan,3/13/2020,13,,0
Afghanistan,3/14/2020,15,,0
Afghanistan,3/15/2020,16,,0
Afghanistan,3/16/2020,18,,0
Afghanistan,3/17/2020,20,,0
Afghanistan,3/18/2020,24,,0
Afghanistan,3/19/2020,25,,0
Afghanistan,3/20/2020,29,,0
Afghanistan,3/21/2020,30,,0
Afghanistan,3/22/2020,34,1,0.000002568822544993633
Afghanistan,3/23/2020,41,1,0.000002568822544993633
Afghanistan,3/24/2020,43,1,0.000002568822544993633
Afghanistan,3/25/2020,76,2,0.000005137645089987266
Afghanistan,3/26/2020,80,3,0.0000077064676349809
Afghanistan,3/27/2020,91,3,0.0000077064676349809
Afghanistan,3/28/2020,107,4,0.000010275290179974532
Afghanistan,3/29/2020,118,4,0.000010275290179974532
Afghanistan,3/30/2020,146,4,0.000010275290179974532
Afghanistan,3/31/2020,175,4,0.000010275290179974532
Afghanistan,4/1/2020,197,4,0.000010275290179974532
Afghanistan,4/2/2020,240,4,0.000010275290179974532
Afghanistan,4/3/2020,275,8,0.000020550580359949065
Afghanistan,4/4/2020,300,10,0.000025688225449936333
Afghanistan,4/5/2020,338,12,0.0000308258705399236
Afghanistan,4/6/2020,368,15,0.0000385323381749045
Afghanistan,4/7/2020,424,16,0.00004110116071989813
Afghanistan,4/8/2020,445,16,0.00004110116071989813
Afghanistan,4/9/2020,485,17,0.00004366998326489177
Afghanistan,4/10/2020,532,18,0.0000462388058098854
Afghanistan,4/11/2020,556,18,0.0000462388058098854
Afghanistan,4/12/2020,608,19,0.00004880762835487903
Afghanistan,4/13/2020,666,22,0.00005651409598985993
Afghanistan,4/14/2020,715,23,0.000059082918534853566
Afghanistan,4/15/2020,785,29,0.00007449585380481537
Afghanistan,4/16/2020,841,30,0.000077064676349809
Afghanistan,4/17/2020,907,30,0.000077064676349809
Afghanistan,4/18/2020,934,30,0.000077064676349809
Afghanistan,4/19/2020,997,33,0.0000847711439847899
Afghanistan,4/20/2020,1027,36,0.0000924776116197708
Afghanistan,4/21/2020,1093,36,0.0000924776116197708
Afghanistan,4/22/2020,1177,40,0.00010275290179974533
Afghanistan,4/23/2020,1236,40,0.00010275290179974533
Afghanistan,4/24/2020,1331,43,0.00011045936943472623
Afghanistan,4/25/2020,1464,47,0.00012073465961470075
Afghanistan,4/26/2020,1532,52,0.00013357877233966892
Afghanistan,4/27/2020,1704,58,0.00014899170760963073
Afghanistan,4/28/2020,1830,59,0.00015156053015462438
Afghanistan,4/29/2020,1940,61,0.0001566981752446116
Afghanistan,4/30/2020,2127,64,0.00016440464287959252
Afghanistan,5/1/2020,2291,68,0.00017467993305956707
Afghanistan,5/2/2020,2470,72,0.0001849552232395416
Afghanistan,5/3/2020,2705,85,0.00021834991632445884
Afghanistan,5/4/2020,2895,90,0.000231194029049427
Afghanistan,5/5/2020,3225,95,0.00024403814177439517
Afghanistan,5/6/2020,3393,104,0.00026715754467933784
Afghanistan,5/7/2020,3564,106,0.0002722951897693251
Afghanistan,5/8/2020,3781,109,0.000280001657404306
Afghanistan,5/9/2020,4042,115,0.0002954145926742678
Afghanistan,5/10/2020,4403,120,0.000308258705399236
Afghanistan,5/11/2020,4687,122,0.0003133963504892232
Afghanistan,5/12/2020,4968,127,0.00032624046321419144
Afghanistan,5/13/2020,5227,132,0.0003390845759391596
Afghanistan,5/14/2020,5640,136,0.00034935986611913414
Afghanistan,5/15/2020,6054,153,0.00039302984938402593
Afghanistan,5/16/2020,6403,168,0.00043156218755893044
Afghanistan,5/17/2020,6665,170,0.00043669983264891767
Afghanistan,5/18/2020,7073,173,0.0004444063002838986
Afghanistan,5/19/2020,7654,178,0.00045725041300886677
Afghanistan,5/20/2020,8146,188,0.000482938638458803
Afghanistan,5/21/2020,8677,194,0.0004983515737287649
Afghanistan,5/22/2020,9219,206,0.0005291774442686885
Afghanistan,5/23/2020,10001,217,0.0005574344922636184
Afghanistan,5/24/2020,10585,219,0.0005625721373536057
Afghanistan,5/25/2020,11176,220,0.0005651409598985993
Afghanistan,5/26/2020,11834,221,0.000567709782443593
Afghanistan,5/27/2020,12459,228,0.0005856915402585483
Afghanistan,5/28/2020,13039,236,0.0006062421206184975
Afghanistan,5/29/2020,13662,247,0.0006344991686134274
Afghanistan,5/30/2020,14528,250,0.0006422056362484083
Afghanistan,5/31/2020,15208,258,0.0006627562166083575
Afghanistan,6/1/2020,15753,266,0.0006833067969683064
Afghanistan,6/2/2020,16512,274,0.0007038573773282556
Afghanistan,6/3/2020,17270,298,0.0007655091184081028
Afghanistan,6/4/2020,18057,304,0.0007809220536780645
Afghanistan,6/5/2020,18972,313,0.0008040414565830072
Afghanistan,6/6/2020,19554,331,0.0008502802623928926
Afghanistan,6/7/2020,20345,361,0.0009273449387427016
Afghanistan,6/8/2020,20920,373,0.0009581708092826253
Afghanistan,6/9/2020,21462,388,0.0009967031474575297
Afghanistan,6/10/2020,22146,409,0.001050648420902396
Afghanistan,6/11/2020,22894,430,0.0011045936943472623
Afghanistan,6/12/2020,23550,450,0.001155970145247135
Afghanistan,6/13/2020,24106,455,0.001168814257972103
Afghanistan,6/14/2020,24770,475,0.001220190708871976
Afghanistan,6/15/2020,25531,482,0.0012381724666869313
Afghanistan,6/16/2020,26314,495,0.0012715671597718485
Afghanistan,6/17/2020,26878,508,0.0013049618528567658
Afghanistan,6/18/2020,27536,550,0.0014128523997464983
Afghanistan,6/19/2020,27882,552,0.0014179900448364855
Afghanistan,6/20/2020,28428,573,0.0014719353182813517
Afghanistan,6/21/2020,28837,585,0.0015027611888212755
Afghanistan,6/22/2020,29147,597,0.001533587059361199
Afghanistan,6/23/2020,29471,617,0.0015849635102610717
Afghanistan,6/24/2020,29705,638,0.0016389087837059382
Afghanistan,6/25/2020,30165,674,0.001731386395325709
Afghanistan,6/26/2020,30441,682,0.0017519369756856579
Afghanistan,6/27/2020,30606,716,0.0018392769422154415
Afghanistan,6/28/2020,30957,728,0.001870102812755365
Afghanistan,6/29/2020,31228,740,0.0019009286832952887
Afghanistan,6/30/2020,31507,752,0.001931754553835212
Afghanistan,7/1/2020,31826,780,0.0020036815850950343
Afghanistan,7/2/2020,32012,809,0.0020781774388998493
Afghanistan,7/3/2020,32314,821,0.0021090033094397728
Afghanistan,7/4/2020,32662,828,0.0021269850672547283
Afghanistan,7/5/2020,32941,866,0.0022246003239644865
Afghanistan,7/6/2020,33180,900,0.00231194029049427
Afghanistan,7/7/2020,33374,922,0.0023684543864841297
Afghanistan,7/8/2020,33584,939,0.0024121243697490216
Afghanistan,7/9/2020,33898,959,0.0024635008206488943
Afghanistan,7/10/2020,34184,973,0.002499464336278805
Afghanistan,7/11/2020,34356,996,0.0025585472548136584
Afghanistan,7/12/2020,34441,1012,0.002599648415533557
Afghanistan,7/13/2020,34595,1040,0.0026715754467933786
Afghanistan,7/14/2020,34730,1064,0.0027332271878732256
Afghanistan,7/15/2020,34984,1096,0.0028154295093130222
Afghanistan,7/16/2020,35060,1117,0.0028693747827578885
Afghanistan,7/17/2020,35219,1149,0.0029515771041976847
Afghanistan,7/18/2020,35279,1166,0.002995247087462576
Afghanistan,7/19/2020,35453,1183,0.003038917070727468
Afghanistan,7/20/2020,35493,1185,0.0030440547158174557
Afghanistan,7/21/2020,35605,1188,0.003051761183452436
Afghanistan,7/22/2020,35717,1192,0.0030620364736324113
Afghanistan,7/23/2020,35918,1213,0.003115981747077277
Afghanistan,7/24/2020,35978,1227,0.0031519452627071878
Afghanistan,7/25/2020,36026,1249,0.0032084593586970476
Afghanistan,7/26/2020,36147,1261,0.003239285229236971
Afghanistan,7/27/2020,36253,1271,0.0032649734546869084
Afghanistan,7/28/2020,36358,1272,0.003267542277231901
Afghanistan,7/29/2020,36463,1273,0.003270111099776895
Afghanistan,7/30/2020,36532,1283,0.003295799325226831
Afghanistan,7/31/2020,36665,1284,0.003298368147771825
Afghanistan,8/1/2020,36700,1285,0.0033009369703168186
Afghanistan,8/2/2020,36701,1286,0.0033035057928618126
Afghanistan,8/3/2020,36737,1290,0.003313781083041787
Afghanistan,8/4/2020,36773,1290,0.003313781083041787
Afghanistan,8/5/2020,36820,1296,0.0033291940183117485
Afghanistan,8/6/2020,36928,1301,0.0033420381310367165
Afghanistan,8/7/2020,37006,1310,0.0033651575339416597
Afghanistan,8/8/2020,37046,1315,0.003378001646666628
Afghanistan,8/9/2020,37083,1321,0.0033934145819365896
Afghanistan,8/10/2020,37153,1329,0.0034139651622965383
Afghanistan,8/11/2020,37260,1346,0.0034576351455614302
Afghanistan,8/12/2020,37336,1356,0.003483323371011367
Afghanistan,8/13/2020,37422,1365,0.0035064427739163093
Afghanistan,8/14/2020,37497,1370,0.0035192868866412777
Afghanistan,8/15/2020,37542,1371,0.0035218557091862713
Afghanistan,8/16/2020,37590,1376,0.0035346998219112392
Afghanistan,8/17/2020,37667,1378,0.003539837467001227
Afghanistan,8/18/2020,37710,1382,0.0035501127571812012
Afghanistan,8/19/2020,37750,1384,0.003555250402271189
Afghanistan,8/20/2020,37852,1386,0.0035603880473611756
Afghanistan,8/21/2020,37885,1386,0.0035603880473611756
Afghanistan,8/22/2020,37944,1386,0.0035603880473611756
Afghanistan,8/23/2020,37990,1388,0.003565525692451163
Afghanistan,8/24/2020,38045,1390,0.0035706633375411504
Afghanistan,8/25/2020,38061,1398,0.003591213917901099
Afghanistan,8/26/2020,38103,1402,0.0036014892080810735
Afghanistan,8/27/2020,38119,1402,0.0036014892080810735
Afghanistan,8/28/2020,38130,1403,0.0036040580306260675
Afghanistan,8/29/2020,38133,1403,0.0036040580306260675
Afghanistan,8/30/2020,38155,1403,0.0036040580306260675
Afghanistan,8/31/2020,38159,1403,0.0036040580306260675
Afghanistan,9/1/2020,38193,1407,0.0036143333208060423
Afghanistan,9/2/2020,38243,1410,0.003622039788441023
Afghanistan,9/3/2020,38288,1410,0.003622039788441023
Afghanistan,9/4/2020,38304,1410,0.003622039788441023
Afghanistan,9/5/2020,38324,1410,0.003622039788441023
Afghanistan,9/6/2020,38398,1413,0.0036297462560760043
Afghanistan,9/7/2020,38494,1416,0.0036374527237109846
Afghanistan,9/8/2020,38520,1419,0.0036451591913459654
Afghanistan,9/9/2020,38544,1421,0.003650296836435953
Afghanistan,9/10/2020,38572,1421,0.003650296836435953
Afghanistan,9/11/2020,38606,1421,0.003650296836435953
Afghanistan,9/12/2020,38641,1421,0.003650296836435953
Afghanistan,9/13/2020,38716,1421,0.003650296836435953
Afghanistan,9/14/2020,38772,1427,0.0036657097717059145
Afghanistan,9/15/2020,38815,1428,0.0036682785942509085
Afghanistan,9/16/2020,38855,1438,0.0036939668197008444
Afghanistan,9/17/2020,38872,1438,0.0036939668197008444
Afghanistan,9/18/2020,38897,1439,0.0036965356422458385
Afghanistan,9/19/2020,38919,1439,0.0036965356422458385
Afghanistan,9/20/2020,39044,1443,0.003706810932425813
Afghanistan,9/21/2020,39074,1446,0.003714517400060794
Afghanistan,9/22/2020,39096,1447,0.0037170862226057876
Afghanistan,9/23/2020,39145,1448,0.0037196550451507808
Afghanistan,9/24/2020,39170,1453,0.0037324991578757487
Afghanistan,9/25/2020,39186,1453,0.0037324991578757487
Afghanistan,9/26/2020,39192,1455,0.0037376368029657363
Afghanistan,9/27/2020,39227,1455,0.0037376368029657363
Afghanistan,9/28/2020,39239,1458,0.0037453432706007176
Afghanistan,9/29/2020,39254,1460,0.0037504809156907043
Afghanistan,9/30/2020,39268,1460,0.0037504809156907043
Afghanistan,10/1/2020,39285,1460,0.0037504809156907043
Afghanistan,10/2/2020,39290,1460,0.0037504809156907043
Afghanistan,10/3/2020,39297,1464,0.0037607562058706795
Afghanistan,10/4/2020,39341,1464,0.0037607562058706795
Afghanistan,10/5/2020,39422,1468,0.003771031496050654
Afghanistan,10/6/2020,39486,1469,0.0037736003185956475
Afghanistan,10/7/2020,39548,1471,0.0037787379636856342
Afghanistan,10/8/2020,39616,1472,0.0037813067862306282
Afghanistan,10/9/2020,39693,1474,0.0037864444313206154
Afghanistan,10/10/2020,39703,1475,0.0037890132538656095
Afghanistan,10/11/2020,39799,1479,0.003799288544045584
Afghanistan,10/12/2020,39870,1481,0.0038044261891355714
Afghanistan,10/13/2020,39928,1482,0.003806995011680564
Afghanistan,10/14/2020,39994,1483,0.003809563834225558
Afghanistan,10/15/2020,40026,1483,0.003809563834225558
Afghanistan,10/16/2020,40088,1487,0.0038198391244055325
Afghanistan,10/17/2020,40141,1490,0.0038275455920405137
Afghanistan,10/18/2020,40200,1494,0.003837820882220488
Afghanistan,10/19/2020,40287,1499,0.003850664994945456
Afghanistan,10/20/2020,40369,1501,0.0038558026400354437
Afghanistan,10/21/2020,40510,1503,0.0038609402851254313
Afghanistan,10/22/2020,40626,1507,0.0038712155753054056
Afghanistan,10/23/2020,40687,1509,0.003876353220395393
Afghanistan,10/24/2020,40768,1513,0.003886628510575367
Afghanistan,10/25/2020,40833,1516,0.003894334978210348
Afghanistan,10/26/2020,40937,1520,0.0039046102683903228
Afghanistan,10/27/2020,41032,1525,0.003917454381115291
Afghanistan,10/28/2020,41145,1531,0.003932867316385253
Afghanistan,10/29/2020,41268,1534,0.0039405737840202334
Afghanistan,10/30/2020,41334,1535,0.003943142606565227
Afghanistan,10/31/2020,41425,1538,0.003950849074200208
Afghanistan,11/1/2020,41501,1538,0.003950849074200208
Afghanistan,11/2/2020,41633,1544,0.003966262009470169
Afghanistan,11/3/2020,41728,1547,0.003973968477105151
Afghanistan,11/4/2020,41814,1551,0.003984243767285125
Afghanistan,11/5/2020,41935,1557,0.003999656702555087
Afghanistan,11/6/2020,41975,1557,0.003999656702555087
Afghanistan,11/7/2020,42033,1559,0.004004794347645074
Afghanistan,11/8/2020,42159,1565,0.0040202072829150365
Afghanistan,11/9/2020,42297,1577,0.00405103315345496
Afghanistan,11/10/2020,42463,1580,0.00405873962108994
Afghanistan,11/11/2020,42609,1584,0.004069014911269915
Afghanistan,11/12/2020,42795,1594,0.0040947031367198515
Afghanistan,11/13/2020,42969,1598,0.004104978426899826
Afghanistan,11/14/2020,43035,1608,0.004130666652349763
Afghanistan,11/15/2020,43240,1620,0.004161492522889686
Afghanistan,11/16/2020,43468,1635,0.00420002486106459
Afghanistan,11/17/2020,43681,1641,0.004215437796334552
Afghanistan,11/18/2020,43924,1648,0.004233419554149508
Afghanistan,11/19/2020,44177,1653,0.004246263666874476
Afghanistan,11/20/2020,44363,1666,0.0042796583599593934
Afghanistan,11/21/2020,44503,1678,0.0043104842304993165
Afghanistan,11/22/2020,44706,1690,0.0043413101010392405
Afghanistan,11/23/2020,44988,1702,0.004372135971579164
Afghanistan,11/24/2020,45174,1715,0.004405530664664081
Afghanistan,11/25/2020,45384,1728,0.004438925357748999
Afghanistan,11/26/2020,45600,1737,0.004462044760653941
Afghanistan,11/27/2020,45723,1740,0.004469751228288922
Afghanistan,11/28/2020,45844,1752,0.004500577098828846
Afghanistan,11/29/2020,46116,1774,0.0045570911948187055
Afghanistan,11/30/2020,46274,1795,0.004611036468263572
Afghanistan,12/1/2020,46516,1822,0.0046803946769784
Afghanistan,12/2/2020,46718,1841,0.004729202305333279
Afghanistan,12/3/2020,46837,1846,0.004742046418058247
Afghanistan,12/4/2020,46837,1846,0.004742046418058247
Afghanistan,12/5/2020,47072,1864,0.004788285223868132
Afghanistan,12/6/2020,47306,1874,0.004813973449318069
Afghanistan,12/7/2020,47516,1900,0.004880762835487904
Afghanistan,12/8/2020,47716,1906,0.004896175770757865
Afghanistan,12/9/2020,47851,1919,0.004929570463842782
Afghanistan,12/10/2020,48053,1935,0.0049706716245626805
Afghanistan,12/11/2020,48116,1945,0.004996359850012617
Afghanistan,12/12/2020,48229,1956,0.005024616898007547
Afghanistan,12/13/2020,48527,1965,0.005047736300912489
Afghanistan,12/14/2020,48718,1969,0.0050580115910924634
Afghanistan,12/15/2020,48952,1995,0.0051248009772622985
Afghanistan,12/16/2020,49161,2011,0.005165902137982197
Afghanistan,12/17/2020,49378,2025,0.005201865653612107
Afghanistan,12/18/2020,49621,2030,0.005214709766337076
Afghanistan,12/19/2020,49681,2047,0.005258379749601968
Afghanistan,12/20/2020,49817,2067,0.00530975620050184
Afghanistan,12/21/2020,50013,2082,0.005348288538676744
Afghanistan,12/22/2020,50190,2096,0.0053842520543066555
Afghanistan,12/23/2020,50433,2117,0.005438197327751522
Afghanistan,12/24/2020,50655,2126,0.005461316730656465
Afghanistan,12/25/2020,50810,2139,0.005494711423741382
Afghanistan,12/26/2020,50886,2149,0.005520399649191318
Afghanistan,12/27/2020,51039,2160,0.005548656697186248
Afghanistan,12/28/2020,51280,2174,0.005584620212816159
Afghanistan,12/29/2020,51350,2179,0.005597464325541127
Afghanistan,12/30/2020,51405,2181,0.005602601970631114
Afghanistan,12/31/2020,51526,2191,0.00562829019608105
Afghanistan,1/1/2021,51526,2191,0.00562829019608105
Afghanistan,1/2/2021,51526,2191,0.00562829019608105
Afghanistan,1/3/2021,51526,2191,0.00562829019608105
Afghanistan,1/4/2021,53011,2237,0.005746456033150758
Afghanistan,1/5/2021,53105,2244,0.005764437790965713
Afghanistan,1/6/2021,53105,2244,0.005764437790965713
Afghanistan,1/7/2021,53207,2253,0.005787557193870656
Afghanistan,1/8/2021,53332,2257,0.0057978324840506305
Afghanistan,1/9/2021,53400,2264,0.005815814241865586
Afghanistan,1/10/2021,53489,2277,0.005849208934950503
Afghanistan,1/11/2021,53538,2288,0.005877465982945433
Afghanistan,1/12/2021,53584,2301,0.00591086067603035
Afghanistan,1/13/2021,53584,2301,0.00591086067603035
Afghanistan,1/14/2021,53775,2314,0.005944255369115267
Afghanistan,1/15/2021,53831,2324,0.005969943594565204
Afghanistan,1/16/2021,53938,2336,0.006000769465105128
Afghanistan,1/17/2021,53984,2339,0.006008475932740108
Afghanistan,1/18/2021,54062,2343,0.006018751222920083
Afghanistan,1/19/2021,54141,2346,0.0060264576905550635
Afghanistan,1/20/2021,54278,2354,0.006047008270915012
Afghanistan,1/21/2021,54403,2363,0.006070127673819955
Afghanistan,1/22/2021,54483,2370,0.006088109431634911
Afghanistan,1/23/2021,54559,2373,0.006095815899269892
Afghanistan,1/24/2021,54595,2378,0.00610866001199486
Afghanistan,1/25/2021,54672,2385,0.006126641769809815
Afghanistan,1/26/2021,54750,2389,0.00613691705998979
Afghanistan,1/27/2021,54854,2389,0.00613691705998979
Afghanistan,1/28/2021,54891,2397,0.006157467640349738
Afghanistan,1/29/2021,54939,2399,0.006162605285439726
Afghanistan,1/30/2021,55008,2400,0.00616517410798472
Afghanistan,1/31/2021,55023,2400,0.00616517410798472
Afghanistan,2/1/2021,55059,2404,0.006175449398164695
Afghanistan,2/2/2021,55121,2405,0.006178018220709689
Afghanistan,2/3/2021,55174,2406,0.006180587043254682
Afghanistan,2/4/2021,55231,2407,0.006183155865799676
Afghanistan,2/5/2021,55265,2407,0.006183155865799676
Afghanistan,2/6/2021,55330,2408,0.006185724688344669
Afghanistan,2/7/2021,55335,2410,0.006190862333434656
Afghanistan,2/8/2021,55359,2413,0.0061985688010696375
Afghanistan,2/9/2021,55384,2414,0.006201137623614631
Afghanistan,2/10/2021,55402,2418,0.006211412913794606
Afghanistan,2/11/2021,55420,2419,0.006213981736339598
Afghanistan,2/12/2021,55445,2424,0.006226825849064567
Afghanistan,2/13/2021,55473,2427,0.006234532316699549
Afghanistan,2/14/2021,55492,2427,0.006234532316699549
Afghanistan,2/15/2021,55514,2427,0.006234532316699549
Afghanistan,2/16/2021,55518,2428,0.006237101139244542
Afghanistan,2/17/2021,55540,2428,0.006237101139244542
Afghanistan,2/18/2021,55557,2430,0.0062422387843345285
Afghanistan,2/19/2021,55575,2430,0.0062422387843345285
Afghanistan,2/20/2021,55580,2430,0.0062422387843345285
Afghanistan,2/21/2021,55604,2432,0.006247376429424516
Afghanistan,2/22/2021,55617,2433,0.006249945251969509
Afghanistan,2/23/2021,55646,2435,0.006255082897059497
Afghanistan,2/24/2021,55664,2436,0.006257651719604491
Afghanistan,2/25/2021,55680,2438,0.006262789364694478
Afghanistan,2/26/2021,55696,2442,0.006273064654874452
Afghanistan,2/27/2021,55707,2443,0.006275633477419446
Afghanistan,2/28/2021,55714,2443,0.006275633477419446
Afghanistan,3/1/2021,55733,2444,0.00627820229996444
Afghanistan,3/2/2021,55759,2446,0.006283339945054427
Afghanistan,3/3/2021,55770,2446,0.006283339945054427
Afghanistan,3/4/2021,55775,2446,0.006283339945054427
Afghanistan,3/5/2021,55827,2449,0.0062910464126894085
Afghanistan,3/6/2021,55840,2449,0.0062910464126894085
Afghanistan,3/7/2021,55847,2449,0.0062910464126894085
Afghanistan,3/8/2021,55876,2451,0.006296184057779396
Afghanistan,3/9/2021,55876,2451,0.006296184057779396
Afghanistan,3/10/2021,55894,2451,0.006296184057779396
Afghanistan,3/11/2021,55917,2451,0.006296184057779396
Afghanistan,3/12/2021,55959,2454,0.0063038905254143756
Afghanistan,3/13/2021,55959,2454,0.0063038905254143756
Afghanistan,3/14/2021,55985,2457,0.006311596993049357
Afghanistan,3/15/2021,55985,2459,0.006316734638139344
Afghanistan,3/16/2021,55995,2460,0.006319303460684338
Afghanistan,3/17/2021,56016,2460,0.006319303460684338
Afghanistan,3/18/2021,56044,2462,0.006324441105774326
Afghanistan,3/19/2021,56069,2462,0.006324441105774326
Afghanistan,3/20/2021,56093,2462,0.006324441105774326
Afghanistan,3/21/2021,56103,2463,0.00632700992831932
Afghanistan,3/22/2021,56153,2464,0.0063295787508643115
Afghanistan,3/23/2021,56177,2466,0.0063347163959542995
Afghanistan,3/24/2021,56192,2466,0.0063347163959542995
Afghanistan,3/25/2021,56226,2467,0.006337285218499293
Afghanistan,3/26/2021,56254,2467,0.006337285218499293
Afghanistan,3/27/2021,56290,2469,0.00634242286358928
Afghanistan,3/28/2021,56294,2470,0.006344991686134274
Afghanistan,3/29/2021,56322,2472,0.006350129331224262
Afghanistan,3/30/2021,56384,2476,0.006360404621404235
Afghanistan,3/31/2021,56454,2484,0.006380955201764186
Afghanistan,4/1/2021,56517,2489,0.006393799314489153
Afghanistan,4/2/2021,56572,2495,0.006409212249759115
Afghanistan,4/3/2021,56595,2496,0.006411781072304109
Afghanistan,4/4/2021,56676,2497,0.0064143498948491025
Afghanistan,4/5/2021,56717,2508,0.006442606942844033
Afghanistan,4/6/2021,56779,2512,0.006452882233024006
Afghanistan,4/7/2021,56873,2512,0.006452882233024006
Afghanistan,4/8/2021,56943,2516,0.006463157523203982
Afghanistan,4/9/2021,57019,2521,0.006476001635928949
Afghanistan,4/10/2021,57144,2521,0.006476001635928949
Afghanistan,4/11/2021,57160,2521,0.006476001635928949
Afghanistan,4/12/2021,57242,2529,0.006496552216288899
Afghanistan,4/13/2021,57364,2529,0.006496552216288899
Afghanistan,4/14/2021,57492,2532,0.006504258683923879
Afghanistan,4/15/2021,57534,2533,0.006506827506468873
Afghanistan,4/16/2021,57612,2535,0.00651196515155886
Afghanistan,4/17/2021,57721,2539,0.006522240441738835
Afghanistan,4/18/2021,57793,2539,0.006522240441738835
Afghanistan,4/19/2021,57898,2546,0.00654022219955379
Afghanistan,4/20/2021,58037,2549,0.006547928667188771
Afghanistan,4/21/2021,58214,2557,0.00656847924754872
Afghanistan,4/22/2021,58312,2561,0.006578754537728695
Afghanistan,4/23/2021,58542,2565,0.00658902982790867
Afghanistan,4/24/2021,58730,2572,0.006607011585723625
Afghanistan,4/25/2021,58843,2582,0.006632699811173561
Afghanistan,4/26/2021,59015,2592,0.006658388036623497
Afghanistan,4/27/2021,59225,2598,0.0066738009718934595
Algeria,2/25/2020,1,,0
Algeria,2/26/2020,1,,0
Algeria,2/27/2020,1,,0
Algeria,2/28/2020,1,,0
Algeria,2/29/2020,1,,0
Algeria,3/1/2020,1,,0
Algeria,3/2/2020,3,,0
Algeria,3/3/2020,5,,0
Algeria,3/4/2020,12,,0
Algeria,3/5/2020,12,,0
Algeria,3/6/2020,17,,0
Algeria,3/7/2020,17,,0
Algeria,3/8/2020,19,,0
Algeria,3/9/2020,20,,0
Algeria,3/10/2020,20,,0
Algeria,3/11/2020,20,,0
Algeria,3/12/2020,24,1,0.0000022804474684900882
Algeria,3/13/2020,26,2,0.0000045608949369801764
Algeria,3/14/2020,37,3,0.000006841342405470264
Algeria,3/15/2020,48,4,0.000009121789873960353
Algeria,3/16/2020,54,4,0.000009121789873960353
Algeria,3/17/2020,60,4,0.000009121789873960353
Algeria,3/18/2020,74,7,0.000015963132279430617
Algeria,3/19/2020,87,9,0.000020524027216410795
Algeria,3/20/2020,90,11,0.000025084922153390966
Algeria,3/21/2020,139,15,0.00003420671202735132
Algeria,3/22/2020,201,17,0.0000387676069643315
Algeria,3/23/2020,230,17,0.0000387676069643315
Algeria,3/24/2020,264,19,0.00004332850190131167
Algeria,3/25/2020,302,21,0.00004788939683829185
Algeria,3/26/2020,367,25,0.000057011186712252206
Algeria,3/27/2020,409,26,0.00005929163418074229
Algeria,3/28/2020,454,29,0.00006613297658621256
Algeria,3/29/2020,511,31,0.00007069387152319273
Algeria,3/30/2020,584,35,0.00007981566139715309
Algeria,3/31/2020,716,44,0.00010033968861356386
Algeria,4/1/2020,847,58,0.0001322659531724251
Algeria,4/2/2020,986,86,0.00019611848229014758
Algeria,4/3/2020,1171,105,0.00023944698419145927
Algeria,4/4/2020,1251,130,0.0002964581709037114
Algeria,4/5/2020,1320,152,0.0003466280152104934
Algeria,4/6/2020,1423,173,0.0003945174120487852
Algeria,4/7/2020,1468,193,0.00044012636141858706
Algeria,4/8/2020,1572,205,0.000467491731040468
Algeria,4/9/2020,1666,235,0.0005359051550951708
Algeria,4/10/2020,1761,256,0.0005837945519334626
Algeria,4/11/2020,1825,275,0.0006271230538347743
Algeria,4/12/2020,1914,293,0.0006681711082675959
Algeria,4/13/2020,1983,313,0.0007137800576373976
Algeria,4/14/2020,2070,326,0.0007434258747277688
Algeria,4/15/2020,2160,336,0.0007662303494126696
Algeria,4/16/2020,2268,348,0.0007935957190345507
Algeria,4/17/2020,2418,364,0.0008300828785303921
Algeria,4/18/2020,2534,367,0.0008369242209358624
Algeria,4/19/2020,2629,375,0.000855167800683783
Algeria,4/20/2020,2718,384,0.0008756918279001938
Algeria,4/21/2020,2811,392,0.0008939354076481146
Algeria,4/22/2020,2910,402,0.0009167398823330154
Algeria,4/23/2020,3007,407,0.0009281421196754659
Algeria,4/24/2020,3127,415,0.0009463856994233865
Algeria,4/25/2020,3256,419,0.000955507489297347
Algeria,4/26/2020,3382,425,0.0009691901741082876
Algeria,4/27/2020,3517,432,0.000985153306387718
Algeria,4/28/2020,3649,437,0.0009965555437301686
Algeria,4/29/2020,3848,444,0.0010125186760095992
Algeria,4/30/2020,4006,450,0.0010262013608205397
Algeria,5/1/2020,4154,453,0.0010330427032260098
Algeria,5/2/2020,4295,459,0.0010467253880369505
Algeria,5/3/2020,4474,463,0.0010558471779109108
Algeria,5/4/2020,4648,465,0.001060408072847891
Algeria,5/5/2020,4838,470,0.0010718103101903416
Algeria,5/6/2020,4997,476,0.001085492995001282
Algeria,5/7/2020,5182,483,0.0011014561272807127
Algeria,5/8/2020,5369,488,0.001112858364623163
Algeria,5/9/2020,5558,494,0.0011265410494341035
Algeria,5/10/2020,5723,502,0.0011447846291820242
Algeria,5/11/2020,5891,507,0.0011561868665244746
Algeria,5/12/2020,6067,515,0.0011744304462723955
Algeria,5/13/2020,6253,522,0.0011903935785518261
Algeria,5/14/2020,6442,529,0.0012063567108312567
Algeria,5/15/2020,6629,536,0.0012223198431106873
Algeria,5/16/2020,6821,542,0.0012360025279216278
Algeria,5/17/2020,7019,548,0.0012496852127325683
Algeria,5/18/2020,7201,555,0.0012656483450119989
Algeria,5/19/2020,7377,561,0.0012793310298229396
Algeria,5/20/2020,7542,568,0.0012952941621023702
Algeria,5/21/2020,7728,575,0.0013112572943818008
Algeria,5/22/2020,7918,582,0.0013272204266612314
Algeria,5/23/2020,8113,592,0.001350024901346132
Algeria,5/24/2020,8306,600,0.001368268481094053
Algeria,5/25/2020,8503,609,0.0013887925083104636
Algeria,5/26/2020,8697,617,0.0014070360880583843
Algeria,5/27/2020,8857,623,0.0014207187728693248
Algeria,5/28/2020,8997,630,0.0014366819051487554
Algeria,5/29/2020,9134,638,0.0014549254848966763
Algeria,5/30/2020,9267,646,0.001473169064644597
Algeria,5/31/2020,9394,653,0.0014891321969240276
Algeria,6/1/2020,9513,661,0.0015073757766719481
Algeria,6/2/2020,9626,667,0.0015210584614828888
Algeria,6/3/2020,9733,673,0.0015347411462938293
Algeria,6/4/2020,9831,681,0.0015529847260417503
Algeria,6/5/2020,9935,690,0.0015735087532581606
Algeria,6/6/2020,10050,698,0.0015917523330060816
Algeria,6/7/2020,10154,707,0.0016122763602224924
Algeria,6/8/2020,10265,715,0.001630519939970413
Algeria,6/9/2020,10382,724,0.0016510439671868237
Algeria,6/10/2020,10484,732,0.0016692875469347447
Algeria,6/11/2020,10589,741,0.0016898115741511553
Algeria,6/12/2020,10698,751,0.0017126160488360562
Algeria,6/13/2020,10810,760,0.001733140076052467
Algeria,6/14/2020,10919,767,0.0017491032083318974
Algeria,6/15/2020,11031,777,0.0017719076830167986
Algeria,6/16/2020,11147,788,0.0017969926051701894
Algeria,6/17/2020,11268,799,0.0018220775273235805
Algeria,6/18/2020,11385,811,0.0018494428969454617
Algeria,6/19/2020,11504,825,0.0018813691615043229
Algeria,6/20/2020,11631,837,0.0019087345311262038
Algeria,6/21/2020,11771,845,0.0019269781108741243
Algeria,6/22/2020,11920,852,0.0019429412431535551
Algeria,6/23/2020,12076,861,0.001963465270369966
Algeria,6/24/2020,12248,869,0.0019817088501178867
Algeria,6/25/2020,12445,878,0.0020022328773342973
Algeria,6/26/2020,12685,885,0.002018196009613728
Algeria,6/27/2020,12968,892,0.0020341591418931585
Algeria,6/28/2020,13273,897,0.002045561379235609
Algeria,6/29/2020,13571,905,0.00206380495898353
Algeria,6/30/2020,13907,912,0.0020797680912629604
Algeria,7/1/2020,14272,920,0.002098011671010881
Algeria,7/2/2020,14657,928,0.002116255250758802
Algeria,7/3/2020,15070,937,0.0021367792779752124
Algeria,7/4/2020,15500,946,0.0021573033051916234
Algeria,7/5/2020,15941,952,0.002170985990002564
Algeria,7/6/2020,16404,959,0.0021869491222819945
Algeria,7/7/2020,16879,968,0.0022074731494984056
Algeria,7/8/2020,17348,978,0.0022302776241833063
Algeria,7/9/2020,17808,988,0.002253082098868207
Algeria,7/10/2020,18242,996,0.002271325678616128
Algeria,7/11/2020,18712,1004,0.0022895692583640485
Algeria,7/12/2020,19195,1011,0.0023055323906434793
Algeria,7/13/2020,19689,1018,0.0023214955229229096
Algeria,7/14/2020,20216,1028,0.0023442999976078104
Algeria,7/15/2020,20770,1040,0.0023716653672296913
Algeria,7/16/2020,21355,1052,0.0023990307368515727
Algeria,7/17/2020,21948,1057,0.0024104329741940233
Algeria,7/18/2020,22549,1068,0.002435517896347414
Algeria,7/19/2020,23084,1078,0.002458322371032315
Algeria,7/20/2020,23691,1087,0.002478846398248726
Algeria,7/21/2020,24278,1100,0.002508492215339097
Algeria,7/22/2020,24872,1111,0.002533577137492488
Algeria,7/23/2020,25484,1124,0.002563222954582859
Algeria,7/24/2020,26159,1136,0.0025905883242047403
Algeria,7/25/2020,26764,1146,0.002613392798889641
Algeria,7/26/2020,27357,1155,0.0026339168261060517
Algeria,7/27/2020,27973,1163,0.0026521604058539726
Algeria,7/28/2020,28615,1174,0.0026772453280073634
Algeria,7/29/2020,29229,1186,0.002704610697629245
Algeria,7/30/2020,29831,1200,0.002736536962188106
Algeria,7/31/2020,30394,1210,0.0027593414368730063
Algeria,8/1/2020,30950,1223,0.002788987253963378
Algeria,8/2/2020,31465,1231,0.0028072308337112983
Algeria,8/3/2020,31972,1239,0.0028254744134592192
Algeria,8/4/2020,32504,1248,0.00284599844067563
Algeria,8/5/2020,33055,1261,0.002875644257766001
Algeria,8/6/2020,33626,1273,0.002903009627387882
Algeria,8/7/2020,34155,1282,0.002923533654604293
Algeria,8/8/2020,34693,1293,0.0029486185767576842
Algeria,8/9/2020,35160,1302,0.002969142603974095
Algeria,8/10/2020,35712,1312,0.0029919470786589956
Algeria,8/11/2020,36204,1322,0.0030147515533438963
Algeria,8/12/2020,36699,1333,0.0030398364754972876
Algeria,8/13/2020,37187,1341,0.0030580800552452085
Algeria,8/14/2020,37664,1351,0.003080884529930109
Algeria,8/15/2020,38133,1360,0.0031014085571465203
Algeria,8/16/2020,38583,1370,0.003124213031831421
Algeria,8/17/2020,39025,1379,0.003144737059047831
Algeria,8/18/2020,39444,1391,0.003172102428669713
Algeria,8/19/2020,39847,1402,0.0031971873508231034
Algeria,8/20/2020,40258,1411,0.003217711378039514
Algeria,8/21/2020,40667,1418,0.0032336745103189453
Algeria,8/22/2020,41068,1424,0.0032473571951298855
Algeria,8/23/2020,41460,1435,0.0032724421172832764
Algeria,8/24/2020,41858,1446,0.0032975270394366677
Algeria,8/25/2020,42228,1456,0.0033203315141215684
Algeria,8/26/2020,42619,1465,0.0033408555413379794
Algeria,8/27/2020,43016,1475,0.00336366001602288
Algeria,8/28/2020,43403,1483,0.0033819035957708007
Algeria,8/29/2020,43781,1491,0.0034001471755187216
Algeria,8/30/2020,44146,1501,0.0034229516502036223
Algeria,8/31/2020,44494,1510,0.003443475677420033
Algeria,9/1/2020,44833,1518,0.003461719257167954
Algeria,9/2/2020,45158,1523,0.0034731214945104044
Algeria,9/3/2020,45469,1529,0.0034868041793213447
Algeria,9/4/2020,45773,1539,0.0035096086540062454
Algeria,9/5/2020,46071,1549,0.0035324131286911466
Algeria,9/6/2020,46364,1556,0.003548376260970577
Algeria,9/7/2020,46653,1562,0.0035620589457815172
Algeria,9/8/2020,46938,1571,0.0035825829729979287
Algeria,9/9/2020,47216,1581,0.0036053874476828294
Algeria,9/10/2020,47488,1591,0.0036281919223677297
Algeria,9/11/2020,47752,1599,0.003646435502115651
Algeria,9/12/2020,48007,1605,0.0036601181869265914
Algeria,9/13/2020,48254,1612,0.0036760813192060217
Algeria,9/14/2020,48496,1620,0.003694324898953943
Algeria,9/15/2020,48734,1632,0.0037216902685758236
Algeria,9/16/2020,48966,1645,0.003751336085666195
Algeria,9/17/2020,49194,1654,0.0037718601128826057
Algeria,9/18/2020,49413,1659,0.0037832623502250563
Algeria,9/19/2020,49623,1665,0.0037969450350359966
Algeria,9/20/2020,49826,1672,0.003812908167315428
Algeria,9/21/2020,50023,1679,0.0038288712995948582
Algeria,9/22/2020,50214,1689,0.0038516757742797585
Algeria,9/23/2020,50400,1698,0.00387219980149617
Algeria,9/24/2020,50579,1703,0.00388360203883862
Algeria,9/25/2020,50754,1707,0.0038927238287125806
Algeria,9/26/2020,50914,1711,0.0039018456185865406
Algeria,9/27/2020,51067,1714,0.0039086869609920106
Algeria,9/28/2020,51213,1719,0.003920089198334462
Algeria,9/29/2020,51368,1726,0.003936052330613892
Algeria,9/30/2020,51530,1736,0.003958856805298793
Algeria,10/1/2020,51690,1741,0.003970259042641243
Algeria,10/2/2020,51847,1749,0.003988502622389164
Algeria,10/3/2020,51995,1756,0.0040044657546685946
Algeria,10/4/2020,52136,1760,0.004013587544542555
Algeria,10/5/2020,52270,1768,0.004031831124290476
Algeria,10/6/2020,52399,1768,0.004031831124290476
Algeria,10/7/2020,52520,1771,0.004038672466695946
Algeria,10/8/2020,52658,1783,0.004066037836317827
Algeria,10/9/2020,52804,1789,0.004079720521128768
Algeria,10/10/2020,52940,1795,0.004093403205939708
Algeria,10/11/2020,53072,1801,0.004107085890750649
Algeria,10/12/2020,53325,1809,0.004125329470498569
Algeria,10/13/2020,53399,1818,0.00414585349771498
Algeria,10/14/2020,53584,1827,0.0041663775249313915
Algeria,10/15/2020,53777,1827,0.0041663775249313915
Algeria,10/16/2020,53998,1841,0.004198303789490252
Algeria,10/17/2020,54203,1846,0.004209706026832702
Algeria,10/18/2020,54402,1856,0.004232510501517604
Algeria,10/19/2020,54616,1865,0.004253034528734014
Algeria,10/20/2020,54829,1873,0.004271278108481935
Algeria,10/21/2020,55081,1880,0.004287241240761366
Algeria,10/22/2020,55357,1888,0.004305484820509286
Algeria,10/23/2020,55630,1897,0.004326008847725697
Algeria,10/24/2020,55880,1907,0.004348813322410598
Algeria,10/25/2020,56143,1914,0.004364776454690029
Algeria,10/26/2020,56419,1922,0.0043830200344379495
Algeria,10/27/2020,56706,1931,0.00440354406165436
Algeria,10/28/2020,57026,1941,0.004426348536339261
Algeria,10/29/2020,57332,1949,0.004444592116087181
Algeria,10/30/2020,57651,1956,0.004460555248366613
Algeria,10/31/2020,57942,1964,0.0044787988281145335
Algeria,11/1/2020,58272,1973,0.004499322855330944
Algeria,11/2/2020,58574,1980,0.0045152859876103745
Algeria,11/3/2020,58979,1980,0.0045152859876103745
Algeria,11/4/2020,59527,1999,0.004558614489511686
Algeria,11/5/2020,60169,2011,0.004585979859133568
Algeria,11/6/2020,60800,2024,0.004615625676223938
Algeria,11/7/2020,61381,2036,0.004642991045845819
Algeria,11/8/2020,62051,2048,0.004670356415467701
Algeria,11/9/2020,62693,2062,0.004702282680026562
Algeria,11/10/2020,63446,2077,0.004736489392053913
Algeria,11/11/2020,64257,2093,0.004772976551549755
Algeria,11/12/2020,65108,2111,0.004814024605982577
Algeria,11/13/2020,65975,2124,0.004843670423072947
Algeria,11/14/2020,66819,2139,0.004877877135100299
Algeria,11/15/2020,67679,2154,0.0049120838471276495
Algeria,11/16/2020,68589,2168,0.004944010111686511
Algeria,11/17/2020,69591,2186,0.004985058166119332
Algeria,11/18/2020,70629,2206,0.005030667115489135
Algeria,11/19/2020,71652,2224,0.005071715169921956
Algeria,11/20/2020,72755,2236,0.0050990805395438365
Algeria,11/21/2020,73774,2255,0.005142409041445149
Algeria,11/22/2020,74862,2272,0.005181176648409481
Algeria,11/23/2020,75867,2294,0.005231346492716262
Algeria,11/24/2020,77000,2309,0.005265553204743614
Algeria,11/25/2020,78025,2329,0.005311162154113415
Algeria,11/26/2020,79110,2352,0.005363612445888687
Algeria,11/27/2020,80168,2372,0.00540922139525849
Algeria,11/28/2020,81212,2393,0.005457110792096781
Algeria,11/29/2020,82221,2410,0.005495878399061112
Algeria,11/30/2020,83199,2431,0.005543767795899404
Algeria,12/1/2020,84152,2447,0.005580254955395246
Algeria,12/2/2020,85084,2464,0.005619022562359577
Algeria,12/3/2020,85927,2480,0.005655509721855419
Algeria,12/4/2020,86730,2492,0.005682875091477299
Algeria,12/5/2020,87502,2501,0.005703399118693711
Algeria,12/6/2020,88252,2516,0.005737605830721062
Algeria,12/7/2020,88825,2527,0.005762690752874453
Algeria,12/8/2020,89416,2539,0.005790056122496333
Algeria,12/9/2020,90014,2554,0.005824262834523686
Algeria,12/10/2020,90579,2564,0.005847067309208586
Algeria,12/11/2020,91121,2575,0.005872152231361977
Algeria,12/12/2020,91638,2584,0.005892676258578388
Algeria,12/13/2020,92102,2596,0.005920041628200269
Algeria,12/14/2020,92597,2609,0.00594968744529064
Algeria,12/15/2020,93065,2623,0.005981613709849501
Algeria,12/16/2020,93507,2631,0.005999857289597422
Algeria,12/17/2020,93933,2640,0.006020381316813833
Algeria,12/18/2020,94371,2647,0.006036344449093263
Algeria,12/19/2020,94781,2659,0.006063709818715145
Algeria,12/20/2020,95203,2666,0.006079672950994575
Algeria,12/21/2020,95659,2675,0.006100196978210986
Algeria,12/22/2020,96069,2687,0.006127562347832867
Algeria,12/23/2020,96549,2696,0.006148086375049278
Algeria,12/24/2020,97007,2705,0.006168610402265688
Algeria,12/25/2020,97441,2716,0.006193695324419079
Algeria,12/26/2020,97857,2722,0.006207378009230021
Algeria,12/27/2020,98249,2728,0.006221060694040961
Algeria,12/28/2020,98631,2737,0.006241584721257371
Algeria,12/29/2020,98988,2745,0.006259828301005292
Algeria,12/30/2020,99311,2751,0.006273510985816232
Algeria,12/31/2020,99610,2756,0.006284913223158683
Algeria,1/1/2021,99897,2762,0.006298595907969623
Algeria,1/2/2021,100159,2769,0.006314559040249053
Algeria,1/3/2021,100408,2772,0.006321400382654525
Algeria,1/4/2021,100645,2777,0.006332802619996975
Algeria,1/5/2021,100873,2782,0.006344204857339426
Algeria,1/6/2021,101120,2786,0.006353326647213386
Algeria,1/7/2021,101382,2792,0.006367009332024326
Algeria,1/8/2021,101657,2798,0.006380692016835266
Algeria,1/9/2021,101913,2803,0.006392094254177717
Algeria,1/10/2021,102144,2807,0.006401216044051677
Algeria,1/11/2021,102369,2812,0.006412618281394128
Algeria,1/12/2021,102641,2816,0.006421740071268087
Algeria,1/13/2021,102860,2819,0.006428581413673558
Algeria,1/14/2021,103127,2822,0.006435422756079028
Algeria,1/15/2021,103381,2827,0.00644682499342148
Algeria,1/16/2021,103611,2831,0.0064559467832954395
Algeria,1/17/2021,103833,2836,0.0064673490206378905
Algeria,1/18/2021,104092,2840,0.00647647081051185
Algeria,1/19/2021,104341,2843,0.006483312152917321
Algeria,1/20/2021,104606,2849,0.006496994837728261
Algeria,1/21/2021,104852,2853,0.006506116627602221
Algeria,1/22/2021,105124,2856,0.006512957970007691
Algeria,1/23/2021,105369,2861,0.006524360207350142
Algeria,1/24/2021,105596,2863,0.0065289211022871215
Algeria,1/25/2021,105854,2866,0.006535762444692592
Algeria,1/26/2021,106097,2871,0.0065471646820350424
Algeria,1/27/2021,106359,2877,0.006560847366845984
Algeria,1/28/2021,106610,2881,0.0065699691567199445
Algeria,1/29/2021,106887,2884,0.006576810499125414
Algeria,1/30/2021,107122,2888,0.006585932288999375
Algeria,1/31/2021,107339,2891,0.006592773631404845
Algeria,2/1/2021,107578,2894,0.0065996149738103155
Algeria,2/2/2021,107841,2898,0.006608736763684275
Algeria,2/3/2021,108116,2900,0.006613297658621255
Algeria,2/4/2021,108381,2904,0.006622419448495216
Algeria,2/5/2021,108629,2909,0.006633821685837666
Algeria,2/6/2021,108629,2909,0.006633821685837666
Algeria,2/7/2021,109088,2914,0.006645223923180116
Algeria,2/8/2021,109313,2918,0.006654345713054077
Algeria,2/9/2021,109559,2924,0.006668028397865017
Algeria,2/10/2021,109782,2926,0.006672589292801998
Algeria,2/11/2021,110049,2930,0.006681711082675959
Algeria,2/12/2021,110303,2932,0.006686271977612939
Algeria,2/13/2021,110513,2935,0.006693113320018409
Algeria,2/14/2021,110711,2939,0.0067022351098923695
Algeria,2/15/2021,110894,2943,0.00671135689976633
Algeria,2/16/2021,111069,2945,0.00671591779470331
Algeria,2/17/2021,111247,2947,0.0067204786896402895
Algeria,2/18/2021,111418,2950,0.00672732003204576
Algeria,2/19/2021,111600,2954,0.00673644182191972
Algeria,2/20/2021,111764,2958,0.00674556361179368
Algeria,2/21/2021,111917,2961,0.00675240495419915
Algeria,2/22/2021,112094,2964,0.006759246296604621
Algeria,2/23/2021,112279,2967,0.006766087639010091
Algeria,2/24/2021,112461,2970,0.006772928981415561
Algeria,2/25/2021,112622,2973,0.006779770323821032
Algeria,2/26/2021,112805,2977,0.006788892113694992
Algeria,2/27/2021,112960,2979,0.006793453008631973
Algeria,2/28/2021,113092,2983,0.006802574798505934
Algeria,3/1/2021,113255,2987,0.006811696588379893
Algeria,3/2/2021,113430,2991,0.006820818378253854
Algeria,3/3/2021,113593,2996,0.006832220615596304
Algeria,3/4/2021,113761,3002,0.006845903300407245
Algeria,3/5/2021,113948,3007,0.006857305537749695
Algeria,3/6/2021,114104,3010,0.0068641468801551656
Algeria,3/7/2021,114234,3013,0.0068709882225606355
Algeria,3/8/2021,114382,3018,0.006882390459903086
Algeria,3/9/2021,114543,3022,0.006891512249777046
Algeria,3/10/2021,114681,3026,0.006900634039651006
Algeria,3/11/2021,114851,3028,0.006905194934587986
Algeria,3/12/2021,115008,3031,0.0069120362769934576
Algeria,3/13/2021,115143,3034,0.006918877619398928
Algeria,3/14/2021,115265,3036,0.006923438514335908
Algeria,3/15/2021,115410,3040,0.006932560304209868
Algeria,3/16/2021,115540,3045,0.006943962541552318
Algeria,3/17/2021,115688,3048,0.006950803883957789
Algeria,3/18/2021,115842,3051,0.006957645226363259
Algeria,3/19/2021,115970,3053,0.006962206121300239
Algeria,3/20/2021,116066,3055,0.0069667670162372195
Algeria,3/21/2021,116157,3057,0.0069713279111742
Algeria,3/22/2021,116255,3061,0.006980449701048159
Algeria,3/23/2021,116349,3066,0.00699185193839061
Algeria,3/24/2021,116438,3069,0.00699869328079608
Algeria,3/25/2021,116543,3071,0.0070032541757330605
Algeria,3/26/2021,116657,3074,0.00701009551813853
Algeria,3/27/2021,116750,3077,0.007016936860544
Algeria,3/28/2021,116836,3080,0.007023778202949471
Algeria,3/29/2021,116946,3084,0.007032899992823432
Algeria,3/30/2021,117061,3089,0.0070443022301658826
Algeria,3/31/2021,117192,3093,0.007053424020039843
Algeria,4/1/2021,117304,3096,0.007060265362445313
Algeria,4/2/2021,117429,3099,0.007067106704850784
Algeria,4/3/2021,117524,3102,0.007073948047256254
Algeria,4/4/2021,117622,3105,0.0070807893896617236
Algeria,4/5/2021,117739,3108,0.007087630732067194
Algeria,4/6/2021,117879,3112,0.007096752521941154
Algeria,4/7/2021,118004,3116,0.007105874311815114
Algeria,4/8/2021,118116,3119,0.007112715654220584
Algeria,4/9/2021,118251,3123,0.007121837444094545
Algeria,4/10/2021,118378,3126,0.007128678786500015
Algeria,4/11/2021,118516,3130,0.007137800576373975
Algeria,4/12/2021,118645,3134,0.0071469223662479365
Algeria,4/13/2021,118799,3137,0.007153763708653407
Algeria,4/14/2021,118975,3141,0.007162885498527368
Algeria,4/15/2021,119142,3144,0.007169726840932838
Algeria,4/16/2021,119323,3148,0.007178848630806798
Algeria,4/17/2021,119486,3152,0.007187970420680758
Algeria,4/18/2021,119642,3155,0.0071948117630862285
Algeria,4/19/2021,119805,3160,0.007206214000428679
Algeria,4/20/2021,119992,3165,0.007217616237771129
Algeria,4/21/2021,120174,3172,0.007233579370050559
Algeria,4/22/2021,120363,3181,0.00725410339726697
Algeria,4/23/2021,120562,3190,0.007274627424483381
Algeria,4/24/2021,120736,3198,0.007292871004231302
Algeria,4/25/2021,120922,3207,0.007313395031447713
Algeria,4/26/2021,121112,3217,0.007336199506132613
Azerbaijan,3/1/2020,3,,0
Azerbaijan,3/2/2020,3,,0
Azerbaijan,3/3/2020,3,,0
Azerbaijan,3/4/2020,3,,0
Azerbaijan,3/5/2020,6,,0
Azerbaijan,3/6/2020,6,,0
Azerbaijan,3/7/2020,9,,0
Azerbaijan,3/8/2020,9,,0
Azerbaijan,3/9/2020,9,,0
Azerbaijan,3/10/2020,11,,0
Azerbaijan,3/11/2020,11,,0
Azerbaijan,3/12/2020,11,,0
Azerbaijan,3/13/2020,15,1,0.000009862735380344062
Azerbaijan,3/14/2020,15,1,0.000009862735380344062
Azerbaijan,3/15/2020,23,1,0.000009862735380344062
Azerbaijan,3/16/2020,28,1,0.000009862735380344062
Azerbaijan,3/17/2020,28,1,0.000009862735380344062
Azerbaijan,3/18/2020,28,1,0.000009862735380344062
Azerbaijan,3/19/2020,44,1,0.000009862735380344062
Azerbaijan,3/20/2020,44,1,0.000009862735380344062
Azerbaijan,3/21/2020,53,1,0.000009862735380344062
Azerbaijan,3/22/2020,65,1,0.000009862735380344062
Azerbaijan,3/23/2020,72,1,0.000009862735380344062
Azerbaijan,3/24/2020,87,1,0.000009862735380344062
Azerbaijan,3/25/2020,93,2,0.000019725470760688124
Azerbaijan,3/26/2020,122,3,0.000029588206141032184
Azerbaijan,3/27/2020,165,3,0.000029588206141032184
Azerbaijan,3/28/2020,182,4,0.00003945094152137625
Azerbaijan,3/29/2020,209,4,0.00003945094152137625
Azerbaijan,3/30/2020,273,4,0.00003945094152137625
Azerbaijan,3/31/2020,298,5,0.00004931367690172031
Azerbaijan,4/1/2020,359,5,0.00004931367690172031
Azerbaijan,4/2/2020,400,5,0.00004931367690172031
Azerbaijan,4/3/2020,443,5,0.00004931367690172031
Azerbaijan,4/4/2020,521,5,0.00004931367690172031
Azerbaijan,4/5/2020,584,7,0.00006903914766240844
Azerbaijan,4/6/2020,641,7,0.00006903914766240844
Azerbaijan,4/7/2020,717,8,0.0000789018830427525
Azerbaijan,4/8/2020,822,8,0.0000789018830427525
Azerbaijan,4/9/2020,926,9,0.00008876461842309655
Azerbaijan,4/10/2020,991,10,0.00009862735380344062
Azerbaijan,4/11/2020,1058,11,0.00010849008918378468
Azerbaijan,4/12/2020,1098,11,0.00010849008918378468
Azerbaijan,4/13/2020,1148,12,0.00011835282456412874
Azerbaijan,4/14/2020,1197,13,0.0001282155599444728
Azerbaijan,4/15/2020,1253,13,0.0001282155599444728
Azerbaijan,4/16/2020,1283,15,0.00014794103070516092
Azerbaijan,4/17/2020,1340,15,0.00014794103070516092
Azerbaijan,4/18/2020,1373,18,0.0001775292368461931
Azerbaijan,4/19/2020,1398,19,0.00018739197222653717
Azerbaijan,4/20/2020,1436,19,0.00018739197222653717
Azerbaijan,4/21/2020,1480,20,0.00019725470760688124
Azerbaijan,4/22/2020,1518,20,0.00019725470760688124
Azerbaijan,4/23/2020,1548,20,0.00019725470760688124
Azerbaijan,4/24/2020,1592,21,0.0002071174429872253
Azerbaijan,4/25/2020,1617,21,0.0002071174429872253
Azerbaijan,4/26/2020,1645,21,0.0002071174429872253
Azerbaijan,4/27/2020,1678,22,0.00021698017836756936
Azerbaijan,4/28/2020,1717,22,0.00021698017836756936
Azerbaijan,4/29/2020,1766,23,0.00022684291374791343
Azerbaijan,4/30/2020,1804,24,0.00023670564912825747
Azerbaijan,5/1/2020,1854,25,0.00024656838450860157
Azerbaijan,5/2/2020,1894,25,0.00024656838450860157
Azerbaijan,5/3/2020,1932,25,0.00024656838450860157
Azerbaijan,5/4/2020,1984,26,0.0002564311198889456
Azerbaijan,5/5/2020,2060,26,0.0002564311198889456
Azerbaijan,5/6/2020,2127,28,0.00027615659064963375
Azerbaijan,5/7/2020,2204,28,0.00027615659064963375
Azerbaijan,5/8/2020,2279,28,0.00027615659064963375
Azerbaijan,5/9/2020,2422,31,0.00030574479679066594
Azerbaijan,5/10/2020,2519,32,0.00031560753217101
Azerbaijan,5/11/2020,2589,32,0.00031560753217101
Azerbaijan,5/12/2020,2693,33,0.000325470267551354
Azerbaijan,5/13/2020,2758,35,0.00034519573831204216
Azerbaijan,5/14/2020,2879,35,0.00034519573831204216
Azerbaijan,5/15/2020,2980,36,0.0003550584736923862
Azerbaijan,5/16/2020,3138,36,0.0003550584736923862
Azerbaijan,5/17/2020,3274,39,0.0003846466798334184
Azerbaijan,5/18/2020,3387,40,0.0003945094152137625
Azerbaijan,5/19/2020,3518,41,0.0004043721505941065
Azerbaijan,5/20/2020,3631,43,0.0004240976213547946
Azerbaijan,5/21/2020,3749,44,0.0004339603567351387
Azerbaijan,5/22/2020,3855,46,0.00045368582749582686
Azerbaijan,5/23/2020,3982,49,0.000483274033636859
Azerbaijan,5/24/2020,4122,49,0.000483274033636859
Azerbaijan,5/25/2020,4271,51,0.0005029995043975471
Azerbaijan,5/26/2020,4403,52,0.0005128622397778912
Azerbaijan,5/27/2020,4568,54,0.0005325877105385793
Azerbaijan,5/28/2020,4759,56,0.0005523131812992675
Azerbaijan,5/29/2020,4989,58,0.0005720386520599556
Azerbaijan,5/30/2020,5246,61,0.0006016268582009878
Azerbaijan,5/31/2020,5494,63,0.0006213523289616759
Azerbaijan,6/1/2020,5662,68,0.0006706660058633962
Azerbaijan,6/2/2020,5935,71,0.0007002542120044283
Azerbaijan,6/3/2020,6260,76,0.0007495678889061487
Azerbaijan,6/4/2020,6522,78,0.0007692933596668368
Azerbaijan,6/5/2020,6860,82,0.000808744301188213
Azerbaijan,6/6/2020,7239,84,0.0008284697719489011
Azerbaijan,6/7/2020,7553,88,0.0008679207134702774
Azerbaijan,6/8/2020,7876,93,0.0009172343903719978
Azerbaijan,6/9/2020,8191,98,0.000966548067273718
Azerbaijan,6/10/2020,8530,102,0.0010059990087950943
Azerbaijan,6/11/2020,8882,108,0.0010651754210771586
Azerbaijan,6/12/2020,9218,113,0.001114489097978879
Azerbaijan,6/13/2020,9570,115,0.001134214568739567
Azerbaijan,6/14/2020,9957,119,0.0011736655102609433
Azerbaijan,6/15/2020,10324,122,0.0012032537164019756
Azerbaijan,6/16/2020,10662,126,0.0012427046579233517
Azerbaijan,6/17/2020,10991,133,0.0013117438055857602
Azerbaijan,6/18/2020,11329,139,0.0013709202178678246
Azerbaijan,6/19/2020,11767,143,0.0014103711593892007
Azerbaijan,6/20/2020,12238,148,0.0014596848362909212
Azerbaijan,6/21/2020,12729,154,0.0015188612485729854
Azerbaijan,6/22/2020,13207,161,0.0015879003962353938
Azerbaijan,6/23/2020,13715,167,0.0016470768085174582
Azerbaijan,6/24/2020,14305,174,0.0017161159561798667
Azerbaijan,6/25/2020,14852,180,0.001775292368461931
Azerbaijan,6/26/2020,15369,187,0.0018443315161243395
Azerbaijan,6/27/2020,15890,193,0.0019035079284064039
Azerbaijan,6/28/2020,16424,198,0.0019528216053081241
Azerbaijan,6/29/2020,16968,206,0.0020317234883508767
Azerbaijan,6/30/2020,17524,213,0.0021007626360132854
Azerbaijan,7/1/2020,18112,220,0.0021698017836756936
Azerbaijan,7/2/2020,18684,228,0.002248703666718446
Azerbaijan,7/3/2020,19267,235,0.0023177428143808547
Azerbaijan,7/4/2020,19801,241,0.002376919226662919
Azerbaijan,7/5/2020,20324,250,0.0024656838450860153
Azerbaijan,7/6/2020,20837,258,0.0025445857281287676
Azerbaijan,7/7/2020,21374,265,0.0026136248757911763
Azerbaijan,7/8/2020,21916,274,0.0027023894942142727
Azerbaijan,7/9/2020,22464,284,0.0028010168480177133
Azerbaijan,7/10/2020,22990,292,0.002879918731060466
Azerbaijan,7/11/2020,23521,298,0.00293909514334253
Azerbaijan,7/12/2020,24041,306,0.0030179970263852825
Azerbaijan,7/13/2020,24570,313,0.0030870361740476917
Azerbaijan,7/14/2020,25113,319,0.003146212586329756
Azerbaijan,7/15/2020,25672,326,0.003215251733992164
Azerbaijan,7/16/2020,26165,334,0.0032941536170349164
Azerbaijan,7/17/2020,26636,341,0.003363192764697325
Azerbaijan,7/18/2020,27133,349,0.0034420946477400774
Azerbaijan,7/19/2020,27521,354,0.0034914083246417975
Azerbaijan,7/20/2020,27890,363,0.0035801729430648944
Azerbaijan,7/21/2020,28242,376,0.0037083885030093668
Azerbaijan,7/22/2020,28633,385,0.0037971531214324636
